Firstname,Lastname,Gender,Age,Occupation,Needs / Expectations
José,Gustavo,Male,26,BTS - Teacher,"Wants to see his students grades.
Wants the grades to be automatically calculated to 20 Points. 
Clear overview.
Privat Notes for Student's.
Quick grade entry.
"
Fabrice,Merker,Male,36,Teacher,"Wants to see his studemts grades.
Wants the grades to be automatically calculated to 60 Points.
Clear overview. 
Privat Notes for Student's
Quick grade entry."
Dominik,Redingen,Male,46,Primary School - Teacher,"Wants to see his students grades.
Wants the grades to be automatically calculated.
Wants the grades to be converted from numbers to letters.
Clear overview. 
Privat Notes for Student's
Quick grade entry."